,Country_Name,Series_Code,Series_Name
559,Afghanistan,7.8,Ensure environmental sustainability
618,Afghanistan,8.16,Develop a global partnership for development: Internet Use
753,Afghanistan,4.1,Reduce child mortality
1030,Afghanistan,6.1,Combat HIV/AIDS
1896,Albania,7.8,Ensure environmental sustainability
1955,Albania,8.16,Develop a global partnership for development: Internet Use
2090,Albania,4.1,Reduce child mortality
2690,Algeria,2.1,Achieve universal primary education
3233,Algeria,7.8,Ensure environmental sustainability
3292,Algeria,8.16,Develop a global partnership for development: Internet Use
3427,Algeria,4.1,Reduce child mortality
5966,Andorra,8.16,Develop a global partnership for development: Internet Use
6101,Andorra,4.1,Reduce child mortality
7244,Angola,7.8,Ensure environmental sustainability
7303,Angola,8.16,Develop a global partnership for development: Internet Use
7438,Angola,4.1,Reduce child mortality
7715,Angola,6.1,Combat HIV/AIDS
8038,Antigua and Barbuda,2.1,Achieve universal primary education
8581,Antigua and Barbuda,7.8,Ensure environmental sustainability
8640,Antigua and Barbuda,8.16,Develop a global partnership for development: Internet Use
8775,Antigua and Barbuda,4.1,Reduce child mortality
9918,Argentina,7.8,Ensure environmental sustainability
9977,Argentina,8.16,Develop a global partnership for development: Internet Use
10112,Argentina,4.1,Reduce child mortality
10389,Argentina,6.1,Combat HIV/AIDS
11255,Armenia,7.8,Ensure environmental sustainability
11314,Armenia,8.16,Develop a global partnership for development: Internet Use
11449,Armenia,4.1,Reduce child mortality
11726,Armenia,6.1,Combat HIV/AIDS
12592,Aruba,7.8,Ensure environmental sustainability
12651,Aruba,8.16,Develop a global partnership for development: Internet Use
13386,Australia,2.1,Achieve universal primary education
13988,Australia,8.16,Develop a global partnership for development: Internet Use
14123,Australia,4.1,Reduce child mortality
15325,Austria,8.16,Develop a global partnership for development: Internet Use
15460,Austria,4.1,Reduce child mortality
16060,Azerbaijan,2.1,Achieve universal primary education
16603,Azerbaijan,7.8,Ensure environmental sustainability
16662,Azerbaijan,8.16,Develop a global partnership for development: Internet Use
16797,Azerbaijan,4.1,Reduce child mortality
17074,Azerbaijan,6.1,Combat HIV/AIDS
17940,"Bahamas, The",7.8,Ensure environmental sustainability
17999,"Bahamas, The",8.16,Develop a global partnership for development: Internet Use
18134,"Bahamas, The",4.1,Reduce child mortality
18411,"Bahamas, The",6.1,Combat HIV/AIDS
19336,Bahrain,8.16,Develop a global partnership for development: Internet Use
19471,Bahrain,4.1,Reduce child mortality
20614,Bangladesh,7.8,Ensure environmental sustainability
20673,Bangladesh,8.16,Develop a global partnership for development: Internet Use
20808,Bangladesh,4.1,Reduce child mortality
21085,Bangladesh,6.1,Combat HIV/AIDS
21951,Barbados,7.8,Ensure environmental sustainability
22010,Barbados,8.16,Develop a global partnership for development: Internet Use
22145,Barbados,4.1,Reduce child mortality
22422,Barbados,6.1,Combat HIV/AIDS
23288,Belarus,7.8,Ensure environmental sustainability
23347,Belarus,8.16,Develop a global partnership for development: Internet Use
23435,Belarus,5.1,Improve maternal health
23482,Belarus,4.1,Reduce child mortality
23759,Belarus,6.1,Combat HIV/AIDS
24082,Belgium,2.1,Achieve universal primary education
24684,Belgium,8.16,Develop a global partnership for development: Internet Use
24819,Belgium,4.1,Reduce child mortality
25419,Belize,2.1,Achieve universal primary education
25962,Belize,7.8,Ensure environmental sustainability
26021,Belize,8.16,Develop a global partnership for development: Internet Use
26156,Belize,4.1,Reduce child mortality
26433,Belize,6.1,Combat HIV/AIDS
27299,Benin,7.8,Ensure environmental sustainability
27358,Benin,8.16,Develop a global partnership for development: Internet Use
27493,Benin,4.1,Reduce child mortality
27770,Benin,6.1,Combat HIV/AIDS
28695,Bermuda,8.16,Develop a global partnership for development: Internet Use
29973,Bhutan,7.8,Ensure environmental sustainability
30032,Bhutan,8.16,Develop a global partnership for development: Internet Use
30167,Bhutan,4.1,Reduce child mortality
30444,Bhutan,6.1,Combat HIV/AIDS
31310,Bolivia,7.8,Ensure environmental sustainability
31369,Bolivia,8.16,Develop a global partnership for development: Internet Use
31504,Bolivia,4.1,Reduce child mortality
31781,Bolivia,6.1,Combat HIV/AIDS
32647,Bosnia and Herzegovina,7.8,Ensure environmental sustainability
32706,Bosnia and Herzegovina,8.16,Develop a global partnership for development: Internet Use
32841,Bosnia and Herzegovina,4.1,Reduce child mortality
33984,Botswana,7.8,Ensure environmental sustainability
34043,Botswana,8.16,Develop a global partnership for development: Internet Use
34178,Botswana,4.1,Reduce child mortality
34455,Botswana,6.1,Combat HIV/AIDS
35321,Brazil,7.8,Ensure environmental sustainability
35380,Brazil,8.16,Develop a global partnership for development: Internet Use
35515,Brazil,4.1,Reduce child mortality
36717,Brunei Darussalam,8.16,Develop a global partnership for development: Internet Use
36852,Brunei Darussalam,4.1,Reduce child mortality
37452,Bulgaria,2.1,Achieve universal primary education
37995,Bulgaria,7.8,Ensure environmental sustainability
38054,Bulgaria,8.16,Develop a global partnership for development: Internet Use
38189,Bulgaria,4.1,Reduce child mortality
38789,Burkina Faso,2.1,Achieve universal primary education
39332,Burkina Faso,7.8,Ensure environmental sustainability
39391,Burkina Faso,8.16,Develop a global partnership for development: Internet Use
39526,Burkina Faso,4.1,Reduce child mortality
39803,Burkina Faso,6.1,Combat HIV/AIDS
40669,Burundi,7.8,Ensure environmental sustainability
40728,Burundi,8.16,Develop a global partnership for development: Internet Use
40863,Burundi,4.1,Reduce child mortality
41140,Burundi,6.1,Combat HIV/AIDS
41463,Cabo Verde,2.1,Achieve universal primary education
42006,Cabo Verde,7.8,Ensure environmental sustainability
42065,Cabo Verde,8.16,Develop a global partnership for development: Internet Use
42200,Cabo Verde,4.1,Reduce child mortality
42477,Cabo Verde,6.1,Combat HIV/AIDS
42800,Cambodia,2.1,Achieve universal primary education
43343,Cambodia,7.8,Ensure environmental sustainability
43402,Cambodia,8.16,Develop a global partnership for development: Internet Use
43537,Cambodia,4.1,Reduce child mortality
43814,Cambodia,6.1,Combat HIV/AIDS
44680,Cameroon,7.8,Ensure environmental sustainability
44739,Cameroon,8.16,Develop a global partnership for development: Internet Use
44874,Cameroon,4.1,Reduce child mortality
45151,Cameroon,6.1,Combat HIV/AIDS
46017,Canada,7.8,Ensure environmental sustainability
46076,Canada,8.16,Develop a global partnership for development: Internet Use
46211,Canada,4.1,Reduce child mortality
47354,Cayman Islands,7.8,Ensure environmental sustainability
47413,Cayman Islands,8.16,Develop a global partnership for development: Internet Use
48148,Central African Republic,2.1,Achieve universal primary education
48691,Central African Republic,7.8,Ensure environmental sustainability
48750,Central African Republic,8.16,Develop a global partnership for development: Internet Use
48885,Central African Republic,4.1,Reduce child mortality
50028,Chad,7.8,Ensure environmental sustainability
50087,Chad,8.16,Develop a global partnership for development: Internet Use
50222,Chad,4.1,Reduce child mortality
50499,Chad,6.1,Combat HIV/AIDS
52159,Chile,2.1,Achieve universal primary education
52702,Chile,7.8,Ensure environmental sustainability
52761,Chile,8.16,Develop a global partnership for development: Internet Use
52896,Chile,4.1,Reduce child mortality
53173,Chile,6.1,Combat HIV/AIDS
54039,China,7.8,Ensure environmental sustainability
54098,China,8.16,Develop a global partnership for development: Internet Use
54186,China,5.1,Improve maternal health
54233,China,4.1,Reduce child mortality
54833,Colombia,2.1,Achieve universal primary education
55376,Colombia,7.8,Ensure environmental sustainability
55435,Colombia,8.16,Develop a global partnership for development: Internet Use
55570,Colombia,4.1,Reduce child mortality
55847,Colombia,6.1,Combat HIV/AIDS
56772,Comoros,8.16,Develop a global partnership for development: Internet Use
56907,Comoros,4.1,Reduce child mortality
57184,Comoros,6.1,Combat HIV/AIDS
58050,"Congo, Dem. Rep.",7.8,Ensure environmental sustainability
58109,"Congo, Dem. Rep.",8.16,Develop a global partnership for development: Internet Use
58244,"Congo, Dem. Rep.",4.1,Reduce child mortality
58521,"Congo, Dem. Rep.",6.1,Combat HIV/AIDS
59387,"Congo, Rep.",7.8,Ensure environmental sustainability
59446,"Congo, Rep.",8.16,Develop a global partnership for development: Internet Use
59581,"Congo, Rep.",4.1,Reduce child mortality
59858,"Congo, Rep.",6.1,Combat HIV/AIDS
60724,Costa Rica,7.8,Ensure environmental sustainability
60783,Costa Rica,8.16,Develop a global partnership for development: Internet Use
60918,Costa Rica,4.1,Reduce child mortality
61195,Costa Rica,6.1,Combat HIV/AIDS
62061,Cote d'Ivoire,7.8,Ensure environmental sustainability
62120,Cote d'Ivoire,8.16,Develop a global partnership for development: Internet Use
62255,Cote d'Ivoire,4.1,Reduce child mortality
62532,Cote d'Ivoire,6.1,Combat HIV/AIDS
62855,Croatia,2.1,Achieve universal primary education
63398,Croatia,7.8,Ensure environmental sustainability
63457,Croatia,8.16,Develop a global partnership for development: Internet Use
63592,Croatia,4.1,Reduce child mortality
64192,Cuba,2.1,Achieve universal primary education
64735,Cuba,7.8,Ensure environmental sustainability
64794,Cuba,8.16,Develop a global partnership for development: Internet Use
64882,Cuba,5.1,Improve maternal health
64929,Cuba,4.1,Reduce child mortality
65206,Cuba,6.1,Combat HIV/AIDS
66866,Cyprus,2.1,Achieve universal primary education
67468,Cyprus,8.16,Develop a global partnership for development: Internet Use
67603,Cyprus,4.1,Reduce child mortality
68746,Czech Republic,7.8,Ensure environmental sustainability
68805,Czech Republic,8.16,Develop a global partnership for development: Internet Use
68940,Czech Republic,4.1,Reduce child mortality
69540,Denmark,2.1,Achieve universal primary education
70142,Denmark,8.16,Develop a global partnership for development: Internet Use
70277,Denmark,4.1,Reduce child mortality
71420,Djibouti,7.8,Ensure environmental sustainability
71479,Djibouti,8.16,Develop a global partnership for development: Internet Use
71614,Djibouti,4.1,Reduce child mortality
71891,Djibouti,6.1,Combat HIV/AIDS
72816,Dominica,8.16,Develop a global partnership for development: Internet Use
72951,Dominica,4.1,Reduce child mortality
73551,Dominican Republic,2.1,Achieve universal primary education
74094,Dominican Republic,7.8,Ensure environmental sustainability
74153,Dominican Republic,8.16,Develop a global partnership for development: Internet Use
74288,Dominican Republic,4.1,Reduce child mortality
74565,Dominican Republic,6.1,Combat HIV/AIDS
75431,Ecuador,7.8,Ensure environmental sustainability
75490,Ecuador,8.16,Develop a global partnership for development: Internet Use
75625,Ecuador,4.1,Reduce child mortality
75902,Ecuador,6.1,Combat HIV/AIDS
76768,"Egypt, Arab Rep.",7.8,Ensure environmental sustainability
76827,"Egypt, Arab Rep.",8.16,Develop a global partnership for development: Internet Use
76962,"Egypt, Arab Rep.",4.1,Reduce child mortality
77239,"Egypt, Arab Rep.",6.1,Combat HIV/AIDS
77562,El Salvador,2.1,Achieve universal primary education
78105,El Salvador,7.8,Ensure environmental sustainability
78164,El Salvador,8.16,Develop a global partnership for development: Internet Use
78299,El Salvador,4.1,Reduce child mortality
78576,El Salvador,6.1,Combat HIV/AIDS
79501,Equatorial Guinea,8.16,Develop a global partnership for development: Internet Use
79636,Equatorial Guinea,4.1,Reduce child mortality
79913,Equatorial Guinea,6.1,Combat HIV/AIDS
80236,Eritrea,2.1,Achieve universal primary education
80838,Eritrea,8.16,Develop a global partnership for development: Internet Use
80973,Eritrea,4.1,Reduce child mortality
81250,Eritrea,6.1,Combat HIV/AIDS
81573,Estonia,2.1,Achieve universal primary education
82116,Estonia,7.8,Ensure environmental sustainability
82175,Estonia,8.16,Develop a global partnership for development: Internet Use
82310,Estonia,4.1,Reduce child mortality
83453,Ethiopia,7.8,Ensure environmental sustainability
83512,Ethiopia,8.16,Develop a global partnership for development: Internet Use
83647,Ethiopia,4.1,Reduce child mortality
83924,Ethiopia,6.1,Combat HIV/AIDS
84849,Faeroe Islands,8.16,Develop a global partnership for development: Internet Use
85584,Fiji,2.1,Achieve universal primary education
86127,Fiji,7.8,Ensure environmental sustainability
86186,Fiji,8.16,Develop a global partnership for development: Internet Use
86321,Fiji,4.1,Reduce child mortality
86598,Fiji,6.1,Combat HIV/AIDS
86921,Finland,2.1,Achieve universal primary education
87523,Finland,8.16,Develop a global partnership for development: Internet Use
87658,Finland,4.1,Reduce child mortality
88258,France,2.1,Achieve universal primary education
88860,France,8.16,Develop a global partnership for development: Internet Use
88995,France,4.1,Reduce child mortality
90197,French Polynesia,8.16,Develop a global partnership for development: Internet Use
91475,Gabon,7.8,Ensure environmental sustainability
91534,Gabon,8.16,Develop a global partnership for development: Internet Use
91669,Gabon,4.1,Reduce child mortality
91946,Gabon,6.1,Combat HIV/AIDS
92269,"Gambia, The",2.1,Achieve universal primary education
92812,"Gambia, The",7.8,Ensure environmental sustainability
92871,"Gambia, The",8.16,Develop a global partnership for development: Internet Use
93006,"Gambia, The",4.1,Reduce child mortality
93283,"Gambia, The",6.1,Combat HIV/AIDS
94149,Georgia,7.8,Ensure environmental sustainability
94208,Georgia,8.16,Develop a global partnership for development: Internet Use
94343,Georgia,4.1,Reduce child mortality
94620,Georgia,6.1,Combat HIV/AIDS
94943,Germany,2.1,Achieve universal primary education
95545,Germany,8.16,Develop a global partnership for development: Internet Use
95680,Germany,4.1,Reduce child mortality
96280,Ghana,2.1,Achieve universal primary education
96823,Ghana,7.8,Ensure environmental sustainability
96882,Ghana,8.16,Develop a global partnership for development: Internet Use
97017,Ghana,4.1,Reduce child mortality
97294,Ghana,6.1,Combat HIV/AIDS
98160,Greece,7.8,Ensure environmental sustainability
98219,Greece,8.16,Develop a global partnership for development: Internet Use
98354,Greece,4.1,Reduce child mortality
99556,Greenland,8.16,Develop a global partnership for development: Internet Use
100834,Grenada,7.8,Ensure environmental sustainability
100893,Grenada,8.16,Develop a global partnership for development: Internet Use
101028,Grenada,4.1,Reduce child mortality
102171,Guam,7.8,Ensure environmental sustainability
102230,Guam,8.16,Develop a global partnership for development: Internet Use
103508,Guatemala,7.8,Ensure environmental sustainability
103567,Guatemala,8.16,Develop a global partnership for development: Internet Use
103702,Guatemala,4.1,Reduce child mortality
103979,Guatemala,6.1,Combat HIV/AIDS
104302,Guinea,2.1,Achieve universal primary education
104845,Guinea,7.8,Ensure environmental sustainability
104904,Guinea,8.16,Develop a global partnership for development: Internet Use
105039,Guinea,4.1,Reduce child mortality
105316,Guinea,6.1,Combat HIV/AIDS
105595,Guinea,6.7,Combat malaria and other diseases
106182,Guinea-Bissau,7.8,Ensure environmental sustainability
106241,Guinea-Bissau,8.16,Develop a global partnership for development: Internet Use
106376,Guinea-Bissau,4.1,Reduce child mortality
106653,Guinea-Bissau,6.1,Combat HIV/AIDS
107519,Guyana,7.8,Ensure environmental sustainability
107578,Guyana,8.16,Develop a global partnership for development: Internet Use
107713,Guyana,4.1,Reduce child mortality
107990,Guyana,6.1,Combat HIV/AIDS
108856,Haiti,7.8,Ensure environmental sustainability
108915,Haiti,8.16,Develop a global partnership for development: Internet Use
109050,Haiti,4.1,Reduce child mortality
109327,Haiti,6.1,Combat HIV/AIDS
109650,Honduras,2.1,Achieve universal primary education
110193,Honduras,7.8,Ensure environmental sustainability
110252,Honduras,8.16,Develop a global partnership for development: Internet Use
110387,Honduras,4.1,Reduce child mortality
110664,Honduras,6.1,Combat HIV/AIDS
110987,"Hong Kong SAR, China",2.1,Achieve universal primary education
111589,"Hong Kong SAR, China",8.16,Develop a global partnership for development: Internet Use
112324,Hungary,2.1,Achieve universal primary education
112926,Hungary,8.16,Develop a global partnership for development: Internet Use
113061,Hungary,4.1,Reduce child mortality
114263,Iceland,8.16,Develop a global partnership for development: Internet Use
114398,Iceland,4.1,Reduce child mortality
115541,India,7.8,Ensure environmental sustainability
115600,India,8.16,Develop a global partnership for development: Internet Use
115735,India,4.1,Reduce child mortality
116012,India,6.1,Combat HIV/AIDS
116335,Indonesia,2.1,Achieve universal primary education
116878,Indonesia,7.8,Ensure environmental sustainability
116937,Indonesia,8.16,Develop a global partnership for development: Internet Use
117072,Indonesia,4.1,Reduce child mortality
117349,Indonesia,6.1,Combat HIV/AIDS
118215,"Iran, Islamic Rep.",7.8,Ensure environmental sustainability
118274,"Iran, Islamic Rep.",8.16,Develop a global partnership for development: Internet Use
118409,"Iran, Islamic Rep.",4.1,Reduce child mortality
118686,"Iran, Islamic Rep.",6.1,Combat HIV/AIDS
119552,Iraq,7.8,Ensure environmental sustainability
119611,Iraq,8.16,Develop a global partnership for development: Internet Use
119746,Iraq,4.1,Reduce child mortality
120346,Ireland,2.1,Achieve universal primary education
120889,Ireland,7.8,Ensure environmental sustainability
120948,Ireland,8.16,Develop a global partnership for development: Internet Use
121083,Ireland,4.1,Reduce child mortality
123622,Israel,8.16,Develop a global partnership for development: Internet Use
123757,Israel,4.1,Reduce child mortality
124959,Italy,8.16,Develop a global partnership for development: Internet Use
125094,Italy,4.1,Reduce child mortality
126237,Jamaica,7.8,Ensure environmental sustainability
126296,Jamaica,8.16,Develop a global partnership for development: Internet Use
126431,Jamaica,4.1,Reduce child mortality
126708,Jamaica,6.1,Combat HIV/AIDS
127031,Japan,2.1,Achieve universal primary education
127633,Japan,8.16,Develop a global partnership for development: Internet Use
127768,Japan,4.1,Reduce child mortality
128368,Jordan,2.1,Achieve universal primary education
128911,Jordan,7.8,Ensure environmental sustainability
128970,Jordan,8.16,Develop a global partnership for development: Internet Use
129105,Jordan,4.1,Reduce child mortality
129705,Kazakhstan,2.1,Achieve universal primary education
130248,Kazakhstan,7.8,Ensure environmental sustainability
130307,Kazakhstan,8.16,Develop a global partnership for development: Internet Use
130442,Kazakhstan,4.1,Reduce child mortality
131585,Kenya,7.8,Ensure environmental sustainability
131644,Kenya,8.16,Develop a global partnership for development: Internet Use
131779,Kenya,4.1,Reduce child mortality
132056,Kenya,6.1,Combat HIV/AIDS
132922,Kiribati,7.8,Ensure environmental sustainability
132981,Kiribati,8.16,Develop a global partnership for development: Internet Use
133116,Kiribati,4.1,Reduce child mortality
134259,"Korea, Dem. Rep.",7.8,Ensure environmental sustainability
134453,"Korea, Dem. Rep.",4.1,Reduce child mortality
135053,"Korea, Rep.",2.1,Achieve universal primary education
135596,"Korea, Rep.",7.8,Ensure environmental sustainability
135655,"Korea, Rep.",8.16,Develop a global partnership for development: Internet Use
135790,"Korea, Rep.",4.1,Reduce child mortality
138270,Kuwait,7.8,Ensure environmental sustainability
138329,Kuwait,8.16,Develop a global partnership for development: Internet Use
138464,Kuwait,4.1,Reduce child mortality
139064,Kyrgyz Republic,2.1,Achieve universal primary education
139607,Kyrgyz Republic,7.8,Ensure environmental sustainability
139666,Kyrgyz Republic,8.16,Develop a global partnership for development: Internet Use
139801,Kyrgyz Republic,4.1,Reduce child mortality
140078,Kyrgyz Republic,6.1,Combat HIV/AIDS
140401,Lao PDR,2.1,Achieve universal primary education
140944,Lao PDR,7.8,Ensure environmental sustainability
141003,Lao PDR,8.16,Develop a global partnership for development: Internet Use
141138,Lao PDR,4.1,Reduce child mortality
141415,Lao PDR,6.1,Combat HIV/AIDS
142281,Latvia,7.8,Ensure environmental sustainability
142340,Latvia,8.16,Develop a global partnership for development: Internet Use
142475,Latvia,4.1,Reduce child mortality
143075,Lebanon,2.1,Achieve universal primary education
143677,Lebanon,8.16,Develop a global partnership for development: Internet Use
143812,Lebanon,4.1,Reduce child mortality
144412,Lesotho,2.1,Achieve universal primary education
144955,Lesotho,7.8,Ensure environmental sustainability
145014,Lesotho,8.16,Develop a global partnership for development: Internet Use
145149,Lesotho,4.1,Reduce child mortality
145426,Lesotho,6.1,Combat HIV/AIDS
146292,Liberia,7.8,Ensure environmental sustainability
146351,Liberia,8.16,Develop a global partnership for development: Internet Use
146486,Liberia,4.1,Reduce child mortality
146763,Liberia,6.1,Combat HIV/AIDS
147823,Libya,4.1,Reduce child mortality
149025,Liechtenstein,8.16,Develop a global partnership for development: Internet Use
149760,Lithuania,2.1,Achieve universal primary education
150303,Lithuania,7.8,Ensure environmental sustainability
150362,Lithuania,8.16,Develop a global partnership for development: Internet Use
150497,Lithuania,4.1,Reduce child mortality
151699,Luxembourg,8.16,Develop a global partnership for development: Internet Use
151834,Luxembourg,4.1,Reduce child mortality
153036,"Macao SAR, China",8.16,Develop a global partnership for development: Internet Use
153771,"Macedonia, FYR",2.1,Achieve universal primary education
154314,"Macedonia, FYR",7.8,Ensure environmental sustainability
154373,"Macedonia, FYR",8.16,Develop a global partnership for development: Internet Use
154508,"Macedonia, FYR",4.1,Reduce child mortality
155651,Madagascar,7.8,Ensure environmental sustainability
155710,Madagascar,8.16,Develop a global partnership for development: Internet Use
155845,Madagascar,4.1,Reduce child mortality
156122,Madagascar,6.1,Combat HIV/AIDS
156988,Malawi,7.8,Ensure environmental sustainability
157047,Malawi,8.16,Develop a global partnership for development: Internet Use
157182,Malawi,4.1,Reduce child mortality
157459,Malawi,6.1,Combat HIV/AIDS
158325,Malaysia,7.8,Ensure environmental sustainability
158384,Malaysia,8.16,Develop a global partnership for development: Internet Use
158519,Malaysia,4.1,Reduce child mortality
158796,Malaysia,6.1,Combat HIV/AIDS
159662,Maldives,7.8,Ensure environmental sustainability
159721,Maldives,8.16,Develop a global partnership for development: Internet Use
159856,Maldives,4.1,Reduce child mortality
160133,Maldives,6.1,Combat HIV/AIDS
160999,Mali,7.8,Ensure environmental sustainability
161058,Mali,8.16,Develop a global partnership for development: Internet Use
161193,Mali,4.1,Reduce child mortality
161470,Mali,6.1,Combat HIV/AIDS
162395,Malta,8.16,Develop a global partnership for development: Internet Use
162530,Malta,4.1,Reduce child mortality
163673,Marshall Islands,7.8,Ensure environmental sustainability
163732,Marshall Islands,8.16,Develop a global partnership for development: Internet Use
163867,Marshall Islands,4.1,Reduce child mortality
164467,Mauritania,2.1,Achieve universal primary education
165010,Mauritania,7.8,Ensure environmental sustainability
165069,Mauritania,8.16,Develop a global partnership for development: Internet Use
165204,Mauritania,4.1,Reduce child mortality
165481,Mauritania,6.1,Combat HIV/AIDS
165804,Mauritius,2.1,Achieve universal primary education
166347,Mauritius,7.8,Ensure environmental sustainability
166406,Mauritius,8.16,Develop a global partnership for development: Internet Use
166541,Mauritius,4.1,Reduce child mortality
166818,Mauritius,6.1,Combat HIV/AIDS
167141,Mexico,2.1,Achieve universal primary education
167684,Mexico,7.8,Ensure environmental sustainability
167743,Mexico,8.16,Develop a global partnership for development: Internet Use
167878,Mexico,4.1,Reduce child mortality
168155,Mexico,6.1,Combat HIV/AIDS
169021,"Micronesia, Fed. Sts.",7.8,Ensure environmental sustainability
169080,"Micronesia, Fed. Sts.",8.16,Develop a global partnership for development: Internet Use
169215,"Micronesia, Fed. Sts.",4.1,Reduce child mortality
169815,Moldova,2.1,Achieve universal primary education
170358,Moldova,7.8,Ensure environmental sustainability
170417,Moldova,8.16,Develop a global partnership for development: Internet Use
170505,Moldova,5.1,Improve maternal health
170552,Moldova,4.1,Reduce child mortality
170829,Moldova,6.1,Combat HIV/AIDS
171754,Monaco,8.16,Develop a global partnership for development: Internet Use
171889,Monaco,4.1,Reduce child mortality
172489,Mongolia,2.1,Achieve universal primary education
173032,Mongolia,7.8,Ensure environmental sustainability
173091,Mongolia,8.16,Develop a global partnership for development: Internet Use
173226,Mongolia,4.1,Reduce child mortality
173503,Mongolia,6.1,Combat HIV/AIDS
173826,Montenegro,2.1,Achieve universal primary education
174369,Montenegro,7.8,Ensure environmental sustainability
174428,Montenegro,8.16,Develop a global partnership for development: Internet Use
174563,Montenegro,4.1,Reduce child mortality
175163,Morocco,2.1,Achieve universal primary education
175706,Morocco,7.8,Ensure environmental sustainability
175765,Morocco,8.16,Develop a global partnership for development: Internet Use
175900,Morocco,4.1,Reduce child mortality
176177,Morocco,6.1,Combat HIV/AIDS
176500,Mozambique,2.1,Achieve universal primary education
177043,Mozambique,7.8,Ensure environmental sustainability
177102,Mozambique,8.16,Develop a global partnership for development: Internet Use
177237,Mozambique,4.1,Reduce child mortality
177514,Mozambique,6.1,Combat HIV/AIDS
178380,Myanmar,7.8,Ensure environmental sustainability
178439,Myanmar,8.16,Develop a global partnership for development: Internet Use
178574,Myanmar,4.1,Reduce child mortality
178851,Myanmar,6.1,Combat HIV/AIDS
179174,Namibia,2.1,Achieve universal primary education
179717,Namibia,7.8,Ensure environmental sustainability
179776,Namibia,8.16,Develop a global partnership for development: Internet Use
179911,Namibia,4.1,Reduce child mortality
180188,Namibia,6.1,Combat HIV/AIDS
181054,Nepal,7.8,Ensure environmental sustainability
181113,Nepal,8.16,Develop a global partnership for development: Internet Use
181248,Nepal,4.1,Reduce child mortality
181525,Nepal,6.1,Combat HIV/AIDS
181848,Netherlands,2.1,Achieve universal primary education
182450,Netherlands,8.16,Develop a global partnership for development: Internet Use
182585,Netherlands,4.1,Reduce child mortality
183728,New Caledonia,7.8,Ensure environmental sustainability
183787,New Caledonia,8.16,Develop a global partnership for development: Internet Use
184522,New Zealand,2.1,Achieve universal primary education
185124,New Zealand,8.16,Develop a global partnership for development: Internet Use
185259,New Zealand,4.1,Reduce child mortality
186402,Nicaragua,7.8,Ensure environmental sustainability
186461,Nicaragua,8.16,Develop a global partnership for development: Internet Use
186596,Nicaragua,4.1,Reduce child mortality
186873,Nicaragua,6.1,Combat HIV/AIDS
187196,Niger,2.1,Achieve universal primary education
187739,Niger,7.8,Ensure environmental sustainability
187798,Niger,8.16,Develop a global partnership for development: Internet Use
187933,Niger,4.1,Reduce child mortality
188210,Niger,6.1,Combat HIV/AIDS
189076,Nigeria,7.8,Ensure environmental sustainability
189135,Nigeria,8.16,Develop a global partnership for development: Internet Use
189270,Nigeria,4.1,Reduce child mortality
189547,Nigeria,6.1,Combat HIV/AIDS
190413,Northern Mariana Islands,7.8,Ensure environmental sustainability
191207,Norway,2.1,Achieve universal primary education
191809,Norway,8.16,Develop a global partnership for development: Internet Use
191944,Norway,4.1,Reduce child mortality
193087,Oman,7.8,Ensure environmental sustainability
193146,Oman,8.16,Develop a global partnership for development: Internet Use
193281,Oman,4.1,Reduce child mortality
193881,Pakistan,2.1,Achieve universal primary education
194424,Pakistan,7.8,Ensure environmental sustainability
194483,Pakistan,8.16,Develop a global partnership for development: Internet Use
194618,Pakistan,4.1,Reduce child mortality
194895,Pakistan,6.1,Combat HIV/AIDS
195955,Palau,4.1,Reduce child mortality
196555,Panama,2.1,Achieve universal primary education
197098,Panama,7.8,Ensure environmental sustainability
197157,Panama,8.16,Develop a global partnership for development: Internet Use
197292,Panama,4.1,Reduce child mortality
197569,Panama,6.1,Combat HIV/AIDS
198435,Papua New Guinea,7.8,Ensure environmental sustainability
198494,Papua New Guinea,8.16,Develop a global partnership for development: Internet Use
198629,Papua New Guinea,4.1,Reduce child mortality
198906,Papua New Guinea,6.1,Combat HIV/AIDS
199772,Paraguay,7.8,Ensure environmental sustainability
199831,Paraguay,8.16,Develop a global partnership for development: Internet Use
199966,Paraguay,4.1,Reduce child mortality
200243,Paraguay,6.1,Combat HIV/AIDS
201109,Peru,7.8,Ensure environmental sustainability
201168,Peru,8.16,Develop a global partnership for development: Internet Use
201303,Peru,4.1,Reduce child mortality
201580,Peru,6.1,Combat HIV/AIDS
202446,Philippines,7.8,Ensure environmental sustainability
202505,Philippines,8.16,Develop a global partnership for development: Internet Use
202640,Philippines,4.1,Reduce child mortality
202917,Philippines,6.1,Combat HIV/AIDS
203240,Poland,2.1,Achieve universal primary education
203842,Poland,8.16,Develop a global partnership for development: Internet Use
203977,Poland,4.1,Reduce child mortality
205120,Portugal,7.8,Ensure environmental sustainability
205179,Portugal,8.16,Develop a global partnership for development: Internet Use
205314,Portugal,4.1,Reduce child mortality
206516,Puerto Rico,8.16,Develop a global partnership for development: Internet Use
207853,Qatar,8.16,Develop a global partnership for development: Internet Use
207988,Qatar,4.1,Reduce child mortality
208588,Romania,2.1,Achieve universal primary education
209190,Romania,8.16,Develop a global partnership for development: Internet Use
209325,Romania,4.1,Reduce child mortality
209925,Russian Federation,2.1,Achieve universal primary education
210468,Russian Federation,7.8,Ensure environmental sustainability
210527,Russian Federation,8.16,Develop a global partnership for development: Internet Use
210662,Russian Federation,4.1,Reduce child mortality
211805,Rwanda,7.8,Ensure environmental sustainability
211864,Rwanda,8.16,Develop a global partnership for development: Internet Use
211999,Rwanda,4.1,Reduce child mortality
212276,Rwanda,6.1,Combat HIV/AIDS
213142,Samoa,7.8,Ensure environmental sustainability
213201,Samoa,8.16,Develop a global partnership for development: Internet Use
213336,Samoa,4.1,Reduce child mortality
214538,San Marino,8.16,Develop a global partnership for development: Internet Use
214673,San Marino,4.1,Reduce child mortality
215816,Sao Tome and Principe,7.8,Ensure environmental sustainability
215875,Sao Tome and Principe,8.16,Develop a global partnership for development: Internet Use
216010,Sao Tome and Principe,4.1,Reduce child mortality
216287,Sao Tome and Principe,6.1,Combat HIV/AIDS
217153,Saudi Arabia,7.8,Ensure environmental sustainability
217212,Saudi Arabia,8.16,Develop a global partnership for development: Internet Use
217347,Saudi Arabia,4.1,Reduce child mortality
217947,Senegal,2.1,Achieve universal primary education
218490,Senegal,7.8,Ensure environmental sustainability
218549,Senegal,8.16,Develop a global partnership for development: Internet Use
218684,Senegal,4.1,Reduce child mortality
218961,Senegal,6.1,Combat HIV/AIDS
219284,Serbia,2.1,Achieve universal primary education
219827,Serbia,7.8,Ensure environmental sustainability
219886,Serbia,8.16,Develop a global partnership for development: Internet Use
220021,Serbia,4.1,Reduce child mortality
221164,Seychelles,7.8,Ensure environmental sustainability
221223,Seychelles,8.16,Develop a global partnership for development: Internet Use
221358,Seychelles,4.1,Reduce child mortality
222501,Sierra Leone,7.8,Ensure environmental sustainability
222560,Sierra Leone,8.16,Develop a global partnership for development: Internet Use
222695,Sierra Leone,4.1,Reduce child mortality
222972,Sierra Leone,6.1,Combat HIV/AIDS
223897,Singapore,8.16,Develop a global partnership for development: Internet Use
224032,Singapore,4.1,Reduce child mortality
226571,Slovak Republic,8.16,Develop a global partnership for development: Internet Use
226706,Slovak Republic,4.1,Reduce child mortality
227306,Slovenia,2.1,Achieve universal primary education
227849,Slovenia,7.8,Ensure environmental sustainability
227908,Slovenia,8.16,Develop a global partnership for development: Internet Use
228043,Slovenia,4.1,Reduce child mortality
229186,Solomon Islands,7.8,Ensure environmental sustainability
229245,Solomon Islands,8.16,Develop a global partnership for development: Internet Use
229380,Solomon Islands,4.1,Reduce child mortality
230582,Somalia,8.16,Develop a global partnership for development: Internet Use
230717,Somalia,4.1,Reduce child mortality
230994,Somalia,6.1,Combat HIV/AIDS
231317,South Africa,2.1,Achieve universal primary education
231860,South Africa,7.8,Ensure environmental sustainability
231919,South Africa,8.16,Develop a global partnership for development: Internet Use
232054,South Africa,4.1,Reduce child mortality
232331,South Africa,6.1,Combat HIV/AIDS
233391,South Sudan,4.1,Reduce child mortality
233668,South Sudan,6.1,Combat HIV/AIDS
233991,Spain,2.1,Achieve universal primary education
234593,Spain,8.16,Develop a global partnership for development: Internet Use
234728,Spain,4.1,Reduce child mortality
235328,Sri Lanka,2.1,Achieve universal primary education
235871,Sri Lanka,7.8,Ensure environmental sustainability
235930,Sri Lanka,8.16,Develop a global partnership for development: Internet Use
236065,Sri Lanka,4.1,Reduce child mortality
236342,Sri Lanka,6.1,Combat HIV/AIDS
236665,St. Kitts and Nevis,2.1,Achieve universal primary education
237208,St. Kitts and Nevis,7.8,Ensure environmental sustainability
237267,St. Kitts and Nevis,8.16,Develop a global partnership for development: Internet Use
237402,St. Kitts and Nevis,4.1,Reduce child mortality
238002,St. Lucia,2.1,Achieve universal primary education
238545,St. Lucia,7.8,Ensure environmental sustainability
238604,St. Lucia,8.16,Develop a global partnership for development: Internet Use
238739,St. Lucia,4.1,Reduce child mortality
240676,St. Vincent and the Grenadines,2.1,Achieve universal primary education
241219,St. Vincent and the Grenadines,7.8,Ensure environmental sustainability
241278,St. Vincent and the Grenadines,8.16,Develop a global partnership for development: Internet Use
241413,St. Vincent and the Grenadines,4.1,Reduce child mortality
242556,Sudan,7.8,Ensure environmental sustainability
242750,Sudan,4.1,Reduce child mortality
243893,Suriname,7.8,Ensure environmental sustainability
243952,Suriname,8.16,Develop a global partnership for development: Internet Use
244087,Suriname,4.1,Reduce child mortality
244364,Suriname,6.1,Combat HIV/AIDS
245230,Swaziland,7.8,Ensure environmental sustainability
245289,Swaziland,8.16,Develop a global partnership for development: Internet Use
245424,Swaziland,4.1,Reduce child mortality
245701,Swaziland,6.1,Combat HIV/AIDS
246024,Sweden,2.1,Achieve universal primary education
246626,Sweden,8.16,Develop a global partnership for development: Internet Use
246761,Sweden,4.1,Reduce child mortality
247361,Switzerland,2.1,Achieve universal primary education
247963,Switzerland,8.16,Develop a global partnership for development: Internet Use
248098,Switzerland,4.1,Reduce child mortality
249241,Syrian Arab Republic,7.8,Ensure environmental sustainability
249300,Syrian Arab Republic,8.16,Develop a global partnership for development: Internet Use
249435,Syrian Arab Republic,4.1,Reduce child mortality
250035,Tajikistan,2.1,Achieve universal primary education
250578,Tajikistan,7.8,Ensure environmental sustainability
250637,Tajikistan,8.16,Develop a global partnership for development: Internet Use
250772,Tajikistan,4.1,Reduce child mortality
251049,Tajikistan,6.1,Combat HIV/AIDS
251915,Tanzania,7.8,Ensure environmental sustainability
251974,Tanzania,8.16,Develop a global partnership for development: Internet Use
252109,Tanzania,4.1,Reduce child mortality
252386,Tanzania,6.1,Combat HIV/AIDS
253252,Thailand,7.8,Ensure environmental sustainability
253311,Thailand,8.16,Develop a global partnership for development: Internet Use
253446,Thailand,4.1,Reduce child mortality
253723,Thailand,6.1,Combat HIV/AIDS
254589,Timor-Leste,7.8,Ensure environmental sustainability
254648,Timor-Leste,8.16,Develop a global partnership for development: Internet Use
254783,Timor-Leste,4.1,Reduce child mortality
255926,Togo,7.8,Ensure environmental sustainability
255985,Togo,8.16,Develop a global partnership for development: Internet Use
256120,Togo,4.1,Reduce child mortality
256397,Togo,6.1,Combat HIV/AIDS
257263,Tonga,7.8,Ensure environmental sustainability
257322,Tonga,8.16,Develop a global partnership for development: Internet Use
257457,Tonga,4.1,Reduce child mortality
258659,Trinidad and Tobago,8.16,Develop a global partnership for development: Internet Use
258794,Trinidad and Tobago,4.1,Reduce child mortality
259071,Trinidad and Tobago,6.1,Combat HIV/AIDS
259394,Tunisia,2.1,Achieve universal primary education
259937,Tunisia,7.8,Ensure environmental sustainability
259996,Tunisia,8.16,Develop a global partnership for development: Internet Use
260131,Tunisia,4.1,Reduce child mortality
260408,Tunisia,6.1,Combat HIV/AIDS
260731,Turkey,2.1,Achieve universal primary education
261274,Turkey,7.8,Ensure environmental sustainability
261333,Turkey,8.16,Develop a global partnership for development: Internet Use
261468,Turkey,4.1,Reduce child mortality
262611,Turkmenistan,7.8,Ensure environmental sustainability
262670,Turkmenistan,8.16,Develop a global partnership for development: Internet Use
262805,Turkmenistan,4.1,Reduce child mortality
265285,Tuvalu,7.8,Ensure environmental sustainability
265344,Tuvalu,8.16,Develop a global partnership for development: Internet Use
265479,Tuvalu,4.1,Reduce child mortality
266622,Uganda,7.8,Ensure environmental sustainability
266681,Uganda,8.16,Develop a global partnership for development: Internet Use
266816,Uganda,4.1,Reduce child mortality
267093,Uganda,6.1,Combat HIV/AIDS
267416,Ukraine,2.1,Achieve universal primary education
267959,Ukraine,7.8,Ensure environmental sustainability
268018,Ukraine,8.16,Develop a global partnership for development: Internet Use
268153,Ukraine,4.1,Reduce child mortality
268430,Ukraine,6.1,Combat HIV/AIDS
269296,United Arab Emirates,7.8,Ensure environmental sustainability
269355,United Arab Emirates,8.16,Develop a global partnership for development: Internet Use
269490,United Arab Emirates,4.1,Reduce child mortality
270090,United Kingdom,2.1,Achieve universal primary education
270692,United Kingdom,8.16,Develop a global partnership for development: Internet Use
270827,United Kingdom,4.1,Reduce child mortality
271427,United States,2.1,Achieve universal primary education
271970,United States,7.8,Ensure environmental sustainability
272029,United States,8.16,Develop a global partnership for development: Internet Use
272164,United States,4.1,Reduce child mortality
273307,Uruguay,7.8,Ensure environmental sustainability
273366,Uruguay,8.16,Develop a global partnership for development: Internet Use
273501,Uruguay,4.1,Reduce child mortality
273778,Uruguay,6.1,Combat HIV/AIDS
274644,Uzbekistan,7.8,Ensure environmental sustainability
274703,Uzbekistan,8.16,Develop a global partnership for development: Internet Use
274838,Uzbekistan,4.1,Reduce child mortality
275115,Uzbekistan,6.1,Combat HIV/AIDS
275981,Vanuatu,7.8,Ensure environmental sustainability
276040,Vanuatu,8.16,Develop a global partnership for development: Internet Use
276175,Vanuatu,4.1,Reduce child mortality
276775,"Venezuela, RB",2.1,Achieve universal primary education
277377,"Venezuela, RB",8.16,Develop a global partnership for development: Internet Use
277512,"Venezuela, RB",4.1,Reduce child mortality
277789,"Venezuela, RB",6.1,Combat HIV/AIDS
278655,Vietnam,7.8,Ensure environmental sustainability
278714,Vietnam,8.16,Develop a global partnership for development: Internet Use
278849,Vietnam,4.1,Reduce child mortality
279126,Vietnam,6.1,Combat HIV/AIDS
280051,Virgin Islands (U.S.),8.16,Develop a global partnership for development: Internet Use
280786,West Bank and Gaza,2.1,Achieve universal primary education
281329,West Bank and Gaza,7.8,Ensure environmental sustainability
281388,West Bank and Gaza,8.16,Develop a global partnership for development: Internet Use
281523,West Bank and Gaza,4.1,Reduce child mortality
282666,"Yemen, Rep.",7.8,Ensure environmental sustainability
282725,"Yemen, Rep.",8.16,Develop a global partnership for development: Internet Use
282860,"Yemen, Rep.",4.1,Reduce child mortality
283137,"Yemen, Rep.",6.1,Combat HIV/AIDS
283460,Zambia,2.1,Achieve universal primary education
284003,Zambia,7.8,Ensure environmental sustainability
284062,Zambia,8.16,Develop a global partnership for development: Internet Use
284197,Zambia,4.1,Reduce child mortality
284474,Zambia,6.1,Combat HIV/AIDS
285340,Zimbabwe,7.8,Ensure environmental sustainability
285399,Zimbabwe,8.16,Develop a global partnership for development: Internet Use
285534,Zimbabwe,4.1,Reduce child mortality
285811,Zimbabwe,6.1,Combat HIV/AIDS
